Brand,Number,Name,Link,Image Address,LocalImage,Color,Finish
DND,427,Air Of Mint,https://www.dndgel.com/products/air-of-mint-427,https://www.dndgel.com/cdn/shop/files/DND-427-SWATCH.jpg?v=1755193733&width=823,public/images/427-Air_Of_Mint.jpg,Blue,Shimmer
DND,729,Ambrosia,https://www.dndgel.com/products/ambrosia-729,https://www.dndgel.com/cdn/shop/files/729-1.jpg?v=1755194475&width=823,public/images/729-Ambrosia.jpg,Blue,Shimmer
DND,112,Apple Cider,https://www.dndgel.com/products/apple-cider-112,https://www.dndgel.com/cdn/shop/files/DC-112-SWATCH.png?v=1755193657&width=823,public/images/112-Apple_Cider.png,Orange,Cream
DND,283,Army Green,https://www.dndgel.com/products/diva-283,https://www.dndgel.com/cdn/shop/files/DV-283-HS_8cb42d33-1f73-4441-b68c-f699dd22ba85.png?v=1755192664&width=823,public/images/283-Army_Green.png,Green,Shimmer
DND,272,Autumn Blaze,https://www.dndgel.com/products/diva-272,https://www.dndgel.com/cdn/shop/files/DV-272-HS_2.png?v=1755192647&width=1346,public/images/272-Autumn_Blaze.png,"Orange, Red",Cream
DND,497,Baby Girl,https://www.dndgel.com/products/baby-girl-497,https://www.dndgel.com/cdn/shop/files/DND-497-SWATCH_2.jpg?v=1755193834&width=823,public/images/497-Baby_Girl.jpg,Pink,Cream
DND,143,Banana Crepe,https://www.dndgel.com/products/banana-crepe-143,https://www.dndgel.com/cdn/shop/files/DC-143-HS.png?v=1755193692&width=823,public/images/143-Banana_Crepe.png,Pink,Cream
DND,52,Biscuits N' Honey,https://www.dndgel.com/products/biscuits-n-honey-diva-052,https://www.dndgel.com/cdn/shop/files/DV-052-SWATCH.png?v=1755192554&width=823,public/images/52-Biscuits_N’_Honey.png,Yellow,Cream
DND,23,Blossom Orchid,https://www.dndgel.com/products/blossom-orchid-023,https://www.dndgel.com/cdn/shop/files/DC-023-DOT.png?v=1762198950&width=823,public/images/23-Blossom_Orchid.png,"Purple, Pink",Shimmer
DND,437,Blue De France,https://www.dndgel.com/products/blue-de-france-437,https://www.dndgel.com/cdn/shop/files/DND-437-SWATCH.png?v=1756934220&width=823,public/images/437-Blue_De_France.png,Blue,Cream
DND,530,Blue Lake,https://www.dndgel.com/products/blue-lake-530,https://www.dndgel.com/cdn/shop/files/DND-530-HS_2.png?v=1759857080&width=823,public/images/530-Blue_Lake.png,Blue,Shimmer
DND,3,Blue Violet,https://www.dndgel.com/products/blue-violet-003,https://www.dndgel.com/cdn/shop/products/003.jpg?v=1756507716&width=823,public/images/3-Blue_Violet.jpg,"Purple, Blue",Shimmer
DND,116,Blushing Face,https://www.dndgel.com/products/blushing-face-116,https://www.dndgel.com/cdn/shop/files/DC-116-SWATCH.jpg?v=1755193661&width=823,public/images/116-Blushing_Face.jpg,Pink,Cream
DND,775,Boo'd Up,https://www.dndgel.com/products/bood-up-775,https://www.dndgel.com/cdn/shop/products/775-2.jpg?v=1762197925&width=1346,public/images/775-Boo'd_Up.jpg,"Purple, Pink",Shimmer
DND,635,Burgandy Mist,https://www.dndgel.com/products/burgandy-mist-635,https://www.dndgel.com/cdn/shop/files/DND-635-SWATCH.jpg?v=1760558347&width=823,public/images/635-Burgundy_Mist.jpg,"Red, Blue",Shimmer
DND,418,Butternut Squash,https://www.dndgel.com/products/butternut-squash-418,https://www.dndgel.com/cdn/shop/files/DND-418-SWATCH.png?v=1755193721&width=1346,public/images/418-Butternut_Squash.png,"Orange, Neutral",Cream
DND,278,California Grace,https://www.dndgel.com/products/california-grace-278,https://www.dndgel.com/cdn/shop/products/DP04dot_8be71160-3d92-4eb2-818d-df6df329c4db.jpg?v=1762198430&width=823,public/images/278-California_Grace.jpg,Pink,Cream
DND,151,Castles In Spain,https://www.dndgel.com/products/castles-in-spain-diva-151,https://www.dndgel.com/cdn/shop/files/DV-151-HS.jpg?v=1755192879&width=823,public/images/151-Castles_In_Spain.jpg,"Neutral, Brown",Shimmer
DND,2442,Catch Me Sheering,https://www.dndgel.com/products/catch-me-sheering-2442,https://www.dndgel.com/cdn/shop/files/DC-2442-SWATCH.jpg?v=1765823799&width=823,public/images/2442-Catch_Me_Sheering.jpg,Pink,Sheer
DND,250,Cedar Brown,https://www.dndgel.com/products/cedar-brown-diva-250,https://www.dndgel.com/cdn/shop/files/DV-250-HS-KRI_21481e91-dfed-4070-a726-c682f7cba831.jpg?v=1755192694&width=823,public/images/250-Cedar_Brown.jpg,Brown,Cream
DND,26,Chartreux Cat,https://www.dndgel.com/products/dc-cat-eyes-26-chartreux-cat,https://www.dndgel.com/cdn/shop/products/cateyes26-1.jpg?v=1762198671&width=823,public/images/26-Chartreux_Cat.jpg,Purple,Cat Eye
DND,751,Cherry Mocha,https://www.dndgel.com/products/cherry-mocha-751,https://www.dndgel.com/cdn/shop/files/DND-751-SWATCH_2_9f174fd2-ccc7-41d9-9333-7070cee00fb6.png?v=1755195228&width=1346,public/images/751-Cherry_Mocha.png,"Purple, Red",Cream
DND,248,Cherry On Top,https://www.dndgel.com/products/cherry-on-top-diva-248,https://www.dndgel.com/cdn/shop/files/DV-248-HS.png?v=1755192697&width=823,public/images/248-Cherry_On_Top.png,Red,Cream
DND,981,Chestnut Cassette,https://www.dndgel.com/products/chestnut-cassette-981,https://www.dndgel.com/cdn/shop/files/DND-981-SWATCH.png?v=1755193320&width=823,public/images/981-Chestnut_Cassette.png,"Brown, Neutral",Shimmer
DND,20,Chubby Himalayan,https://www.dndgel.com/products/dc-cat-eyes-20-chubby-himalayan,https://www.dndgel.com/cdn/shop/products/cateyes20-1.jpg?v=1762198675&width=823,public/images/20-Chubby_Himalayan.jpg,Blue,Cat Eye
DND,184,Clean Pallet,https://www.dndgel.com/products/clean-pallet-diva-184,https://www.dndgel.com/cdn/shop/files/DV-184-FS.jpg?v=1755192959&width=823,public/images/184-Clean_Pallet.jpg,Pink,Cream
DND,194,Clique-Bait,https://www.dndgel.com/products/clique-bait-diva-194,https://www.dndgel.com/cdn/shop/files/DV-194-FS.jpg?v=1755192941&width=823,public/images/194-Clique-Bait.jpg,Purple,Shimmer
DND,310,Confetti,https://www.dndgel.com/products/confetti-310?_pos=1&_psq=Confetti&_ss=e&_v=1.0,https://www.dndgel.com/cdn/shop/products/confetti-dnd-gel-dc-310.jpg?v=1755194810&width=1346,public/images/310-Confetti.jpg,"Brown, Neutral",Cream
DND,317,Cookie Chips,https://www.dndgel.com/products/cookie-chips-317?_pos=1&_psq=Cookie+Chips&_ss=e&_v=1.0,https://www.dndgel.com/cdn/shop/files/DC-317-SWATCH_3652a46b-8a13-4051-8cf2-cb32633524c2.png?v=1755194820&width=1346,public/images/317-Cookie_Chips.png,"Neutral, Brown",Cream
DND,209,Coral Breeze,https://www.dndgel.com/products/coral-breeze-diva-209,https://www.dndgel.com/cdn/shop/files/DV-209-SWATCH.png?v=1755192921&width=1346,public/images/209-Coral_Breeze.png,"Orange, Pink",Cream
DND,43,Dark Salmon,https://www.dndgel.com/products/dark-salmon-043,https://www.dndgel.com/cdn/shop/files/DC-043-SWATCH.jpg?v=1755193571&width=823,public/images/43-Dark_Salmon.jpg,"Purple, Blue",Cream
DND,299,Dream World,https://www.dndgel.com/products/dream-world-299,https://www.dndgel.com/cdn/shop/files/DC-299-SWATCH.png?v=1755194797&width=823,public/images/299-Dream_World.png,Neutral,Shimmer
DND,178,Farm Brown aka Fawn Over Me,https://www.dndgel.com/products/fawn-over-me-diva-178,https://www.dndgel.com/cdn/shop/files/DIVA-178-HS-COMPARISON.jpg?v=1755192841&width=1346,public/images/178-Farm_Brown_aka_Fawn_Over_Me.jpg,"Brown, Neutral",Cream
DND,39,Fire Brick,https://www.dndgel.com/products/fire-brick-039,https://www.dndgel.com/cdn/shop/products/dc_swatch_039.jpg?v=1762198939&width=823,public/images/39-Fire_Brick.jpg,"Pink, Red",Cream
DND,67,Fire Engine Red,https://www.dndgel.com/products/fire-engine-red-067,https://www.dndgel.com/cdn/shop/products/dc_swatch_067.jpg?v=1762198921&width=823,public/images/67-Fire_Engine_Red.jpg,Red,Cream
DND,34,Fur-st Place,https://www.dndgel.com/products/9d-cat-eye-35,https://www.dndgel.com/cdn/shop/files/DIVA-9DCE-34_3.jpg?v=1755192448&width=823,public/images/34-Fur-st_Place.jpg,Orange,Cat Eye
DND,769,Glistening Sky,https://www.dndgel.com/products/glistening-sky-769,https://www.dndgel.com/cdn/shop/products/769.jpg?v=1762197928&width=1346,public/images/769-Glistening_Sky.jpg,Red,Glitter
DND,607,Hazelnut,https://www.dndgel.com/products/hazelnut-607,https://www.dndgel.com/cdn/shop/files/DND-607-SWATCH.png?v=1760459836&width=1346,public/images/607-Hazelnut.png,"Pink, Purple",Cream
DND,243,Imperial Jade,https://www.dndgel.com/products/imperial-jade-diva-243,https://www.dndgel.com/cdn/shop/files/DV-243-HS-SYD-3.jpg?v=1755192707&width=823,public/images/243-Imperial_Jade.jpg,Green,Shimmer
DND,140,Little Piggy,https://www.dndgel.com/products/little-piggy-diva-140,https://www.dndgel.com/cdn/shop/files/DV-140-HS-4.jpg?v=1755193125&width=823,public/images/140-Little_Piggy.jpg,Pink,Cream
DND,920,Magenta Aura,https://www.dndgel.com/products/magenta-aura-920,https://www.dndgel.com/cdn/shop/products/920-DND.jpg?v=1755193242&width=1346,public/images/920-Magenta_Aura.jpg,"Pink, Purple",Glitter
DND,204,Marigold,https://www.dndgel.com/products/marigold-diva-204,https://www.dndgel.com/cdn/shop/files/DV-204-HS.jpg?v=1755192928&width=823,public/images/204-Marigold.jpg,Yellow,Shimmer
DND,19,Mood Change - Bridal Pink To Brighter Pink,https://www.dndgel.com/products/dc-mood-change-19-bridal-pink-to-brighter-pink,https://www.dndgel.com/cdn/shop/products/19.jpg?v=1762198583&width=823,public/images/19-Bridal_Pink.jpg,Pink,Mood Change
DND,440,Papaya Whip,https://www.dndgel.com/products/papaya-whip-440,https://www.dndgel.com/cdn/shop/files/DND-440-SWATCH_3.png?v=1756936557&width=1346,public/images/440-Papaya_Whip.png,Neutral,Cream
DND,490,Redwood City,https://www.dndgel.com/products/redwood-city-490,https://www.dndgel.com/cdn/shop/products/redwood-city-490.jpg?v=1757029697&width=1346,public/images/490-Redwood_City.jpg,"Red, Brown",Cream
DND,753,Scarlett Dreams,https://www.dndgel.com/products/scarlett-dreams-753,https://www.dndgel.com/cdn/shop/files/DND-753-SWATCH_2.png?v=1755195231&width=823,public/images/753-Scarlett_Dreams.png,Red,Cream
DND,781,Starry Night,https://www.dndgel.com/products/starry-night-781,https://www.dndgel.com/cdn/shop/files/DND-781-SWATCH.png?v=1755195266&width=823,public/images/781-Starry_Night.png,"Yellow, Gold",Glitter
DND,210,Sunkissed Coral,https://www.dndgel.com/products/sunkissed-coral-diva-210,https://www.dndgel.com/cdn/shop/files/DV-210-FS.png?v=1755192919&width=823,public/images/210-Sunkissed_Coral.png,"Orange, Pink",Cream
DND,254,Vampire Kiss,https://www.dndgel.com/products/vampire-s-kiss-diva-254,https://www.dndgel.com/cdn/shop/files/DIVA-254-NAILART.webp?v=1764189647&width=823,public/images/254-Vampire_Kiss.webp,Purple,Cream
DND,754,Winter Berry,https://www.dndgel.com/products/winter-berry-754,https://www.dndgel.com/cdn/shop/files/DND-754-SWATCH.png?v=1755195233&width=823,public/images/754-Winter_Berry.png,"Red, Purple",Cream
DND,41,With GRAYce,https://www.dndgel.com/products/with-grayce-diva-041,https://www.dndgel.com/cdn/shop/files/DIVA-041-SWATCH_2.jpg?v=1755192576&width=823,public/images/41-With_GRAYce.jpg,"Neutral, Purple",Cream
DND,929,Orange Aura,https://www.dndgel.com/products/orange-aura-929,https://www.dndgel.com/cdn/shop/products/929-DND_281c3eab-89b2-41ad-97b2-02ce88cfee21.jpg?v=1755193257&width=823,public/images/929-Orange_Aura.jpg,Orange,Glitter
DND,25,Chunky Holo,https://www.dndgel.com/products/chunky-holo-diva-025,https://www.dndgel.com/cdn/shop/files/DIVA-25-FS.jpg?v=1755193080&width=823,public/images/25-Chunky_Holo.jpg,Grey,Glitter
DND,219,Tulip,https://www.dndgel.com/products/dc-mermaid-219-tulip,https://www.dndgel.com/cdn/shop/products/219.jpg?v=1762198560&width=823,public/images/219-Tulip.jpg,Pink,Glitter
DND,36,Sultry Gem,https://www.dndgel.com/products/sultry-gem-diva-036,https://www.dndgel.com/cdn/shop/files/DIVA-036-SWATCH.jpg?v=1755193063&width=823,public/images/36-Sultry_Gem.jpg,"Purple, Red",Glitter
DND,21,Japanese Bobtail,https://www.dndgel.com/products/dc-cat-eyes-21-japanese-bobtail,https://www.dndgel.com/cdn/shop/products/cateyes21-1.jpg?v=1762198675&width=823,public/images/21-Japanese_Bobtail.jpg,Orange,Cat Eye
DND,17,Shy Snowshoe,https://www.dndgel.com/products/dc-cat-eyes-17-shy-snowshoe,https://www.dndgel.com/cdn/shop/products/cateyes17-1.jpg?v=1762197948&width=823,public/images/17-Shy_Snowshoe.jpg,Purple,Cat Eye
DND,12,Ragdoll,https://www.dndgel.com/products/5d-ragdoll-12,https://www.dndgel.com/cdn/shop/products/5DCateye12.jpg?v=1762198561&width=823,public/images/12-Ragdoll.jpg,"Red, Orange",Cat Eye
DND,10,Siamese Cat,https://www.dndgel.com/products/5d-siamese-cat-10,https://www.dndgel.com/cdn/shop/products/5DCateye10.jpg?v=1762197914&width=823,public/images/10-Siamese_Cat.jpg,Blue,Cat Eye
DND,26,Chartreux Cat,https://www.dndgel.com/products/dc-cat-eyes-26-chartreux-cat,https://www.dndgel.com/cdn/shop/products/cateyes26-1.jpg?v=1762198671&width=823,public/images/26-Cleocatra.jpg,Purple,Cat Eye
DND,2538,Mandarin Glow,https://www.dndgel.com/products/mandarin-glow-2538,https://www.dndgel.com/cdn/shop/files/mandarin_glow_2538.jpg?v=1755193359&width=1346,public/images/2538-Mandarin_Glow.jpg,Orange,Cream
DND,2465,Peachkini,https://www.dndgel.com/products/peachkini-2465?_pos=1&_psq=Peachkini&_ss=e&_v=1.0,https://www.dndgel.com/cdn/shop/files/DC-2465.jpg?v=1767028377&width=1346,public/images/2465-Peachkini.jpg,Neutral,Sheer
DND,2459,Barefoot,https://www.dndgel.com/products/barefoot-2459?_pos=2&_psq=Barefoot&_ss=e&_v=1.0,https://www.dndgel.com/cdn/shop/files/DC-2459-SWATCH.jpg?v=1766622397&width=1346,public/images/2459-Barefoot.jpg,Neutral,Sheer
DND,2539,Citrus Affairs,https://www.dndgel.com/products/citrus-affairs-2539?_pos=1&_psq=Citrus+Affairs&_ss=e&_v=1.0,https://www.dndgel.com/cdn/shop/products/2539-citrus-affairs.jpg?v=1755193363&width=1346,public/images/2539-Citrus_Affairs.jpg,Orange,Cream
DND,113,Cupcake Frosting,https://www.dndgel.com/products/cupcake-frosting-diva-113?_pos=1&_psq=Cupcake+Frosting&_ss=e&_v=1.0,https://www.dndgel.com/cdn/shop/files/DIVA-113-HS.jpg?v=1755193175&width=1346,public/images/113-Cupcake_Frosting.jpg,Pink,Cream
DND,72,Chai Latte,https://www.dndgel.com/products/chai-latte-diva-072?_pos=1&_psq=Chai+Latte&_ss=e&_v=1.0,https://www.dndgel.com/cdn/shop/files/DIVA-072-SWATCH_2.png?v=1755192515&width=1346,public/images/72-Chai_Latte.png,Neutral,Cream
DND,70,Nude Glamour,https://www.dndgel.com/products/nude-glamour-diva-070?_pos=1&_psq=Nude+Glamour&_ss=e&_v=1.0,https://www.dndgel.com/cdn/shop/files/DIVA-070-SWATCH.png?v=1755192520&width=1346,public/images/70-Nude_Glamour.png,Neutral,Cream
DND,154,Painter's Antidote,https://www.dndgel.com/products/painter-s-antidote-diva-154?_pos=1&_psq=Painter%27s+Antidote&_ss=e&_v=1.0,https://www.dndgel.com/cdn/shop/files/DV-154-HS-2.jpg?v=1755192875&width=1346,public/images/154-Painter's_Antidote.jpg,Pink,Cream
DND,118,Pale Kiwi,https://www.dndgel.com/products/pale-kiwi-diva-118?_pos=1&_psq=Pale+Kiwi&_ss=e&_v=1.0,https://www.dndgel.com/cdn/shop/files/DIVA-118-FS.jpg?v=1755193163&width=1346,public/images/118-Pale_Kiwi.jpg,Green,Cream
DND,116,Pastel Lily,https://www.dndgel.com/products/pastel-lily-diva-116?_pos=1&_psq=Pastel+Lily&_ss=e&_v=1.0,https://www.dndgel.com/cdn/shop/files/DIVA-116-HS.jpg?v=1755193172&width=1346,public/images/116-Pastel_Lily.jpg,Purple,Cream
DND,191,Lizard State,https://www.dndgel.com/products/lizard-state-diva-191?_pos=1&_psq=Lizard+State&_ss=e&_v=1.0,https://www.dndgel.com/cdn/shop/files/DIVA-191-SWATCH.png?v=1755192946&width=1346,public/images/191-Lizard_State.png,Green,Cream
DND,188,Highlighter Yellow,https://www.dndgel.com/products/highlighter-yellow-diva-188?_pos=1&_psq=Highlighter+Yellow&_ss=e&_v=1.0,https://www.dndgel.com/cdn/shop/files/DV-188.jpg?v=1755192953&width=1346,public/images/188-Highlighter_Yellow.jpg,Yellow,Cream
DND,155,Ghostride,https://www.dndgel.com/products/ghostride-diva-155?_pos=1&_psq=Ghostride&_ss=e&_v=1.0,https://www.dndgel.com/cdn/shop/files/DIVA-155-SWATCH.png?v=1755192874&width=1346,public/images/155-Ghostride.png,White,Shimmer
DND,216,Tropic Like It's Hot,https://www.dndgel.com/products/tropic-like-it-s-hot-diva-216?_pos=1&_psq=Tropic+Like+It%27s+Hot&_ss=e&_v=1.0,https://www.dndgel.com/cdn/shop/files/DIVA-216-SWATCH.jpg?v=1755192910&width=1346,public/images/216-Tropic_Like_It's_Hot.jpg,Pink,Cream
DND,199,Call Me Your Highness,https://www.dndgel.com/products/call-me-your-highness-diva-199?_pos=1&_psq=Call+Me+Your+Highness&_ss=e&_v=1.0,https://www.dndgel.com/cdn/shop/files/DV-199-HSBOTTLE.jpg?v=1755192933&width=1346,public/images/199-Call_Me_Your_Highness.jpg,Blue,Cream
DND,197,Masquerade,https://www.dndgel.com/products/masquerade-diva-197?_pos=1&_psq=Masquerade&_ss=e&_v=1.0,https://www.dndgel.com/cdn/shop/files/DV-197-HS.jpg?v=1755192936&width=1346,public/images/197-Masquerade.jpg,Purple,Cream
DND,262,Dirty Martini,https://www.dndgel.com/products/diva-282?_pos=1&_psq=Dirty+Martini&_ss=e&_v=1.0,https://www.dndgel.com/cdn/shop/files/DV-282-HS_5.png?v=1755192662&width=1346,public/images/262-Dirty_Martini.png,Green,Cream
DND,249,Teal Treasures,https://www.dndgel.com/products/teal-treasures-diva-245?_pos=1&_psq=Teal+Treasures&_ss=e&_v=1.0,https://www.dndgel.com/cdn/shop/files/DV-245-HS-SYD-3.jpg?v=1755192703&width=1346,public/images/249-Teal_Treasures.jpg,Blue,Cream
DND,217,Fire Breather,https://www.dndgel.com/products/fire-breather-diva-217?_pos=1&_psq=Fire+Breather&_ss=e&_v=1.0,https://www.dndgel.com/cdn/shop/files/DIVA-217-SWATCH.png?v=1755192909&width=1346,public/images/217-Fire_Breather.png,Orange,Cream
DND,313,Coco Butter,https://www.dndgel.com/products/coco-butter-313?_pos=1&_sid=2f37705e3&_ss=r,https://www.dndgel.com/cdn/shop/products/DC313dot-coco-butter.jpg?v=1762198267&width=1346,public/images/313-Coco_Butter.jpg,Neutral,Cream
DND,312,Freckle,https://www.dndgel.com/products/freckle-312?_pos=2&_psq=Freckles&_ss=e&_v=1.0,https://www.dndgel.com/cdn/shop/products/freckle-dnd-gel-dc-312.jpg?v=1755194813&width=1346,public/images/312-Freckle.jpg,"Neutral, Brown",Cream
DND,317,Cookie Chips,https://www.dndgel.com/products/cookie-chips-317?_pos=1&_psq=Cookie+Chips&_ss=e&_v=1.0,https://www.dndgel.com/cdn/shop/files/DC-317-SWATCH_3652a46b-8a13-4051-8cf2-cb32633524c2.png?v=1755194820&width=1346,public/images/317-Cookie_Chips.png,"Neutral, Brown",Cream
DND,316,Smores,https://www.dndgel.com/products/smores-316?_pos=1&_psq=S%27mo&_ss=e&_v=1.0,https://www.dndgel.com/cdn/shop/files/DC-316-SWATCH.png?v=1755194818&width=1346,public/images/316-Smores.png,"Neutral, Brown",Cream
DND,315,Foxy Gray,https://www.dndgel.com/products/foxy-gray-315?_pos=1&_psq=foxy+g&_ss=e&_v=1.0,https://www.dndgel.com/cdn/shop/products/RS-dnd-foxy-gray-dc-315.jpg?v=1755194817&width=1346,public/images/315-Foxy_Gray.jpg,Gray,Cream
DND,320,Cloud Castle,https://www.dndgel.com/products/cloud-castle-320?_pos=1&_psq=Cloud+Castle&_ss=e&_v=1.0,https://www.dndgel.com/cdn/shop/products/Cloud-Castle-RS-DC320-dnd-11.jpg?v=1755194824&width=1346,public/images/320-Cloud_Castle.jpg,"Gray, Blue, Purple",Cream
DND,319,Coffee Bean,https://www.dndgel.com/products/coffee-bean-319?_pos=1&_psq=Coffee+Bean&_ss=e&_v=1.0,https://www.dndgel.com/cdn/shop/files/DC-139-SWATCH_2.png?v=1755194823&width=1346,public/images/319-Coffee_Bean.png,Brown,Cream
DND,318,Cherry Pie,https://www.dndgel.com/products/cherry-pie-318?_pos=1&_psq=Cherry+Pie&_ss=e&_v=1.0,https://www.dndgel.com/cdn/shop/files/DC-318-SWATCH.png?v=1755194822&width=1346,public/images/318-Cherry_Pie.png,Red,Cream
DND,323,Vintage,https://www.dndgel.com/products/vintage-323?_pos=1&_psq=Vintage&_ss=e&_v=1.0,https://www.dndgel.com/cdn/shop/files/DC-323-SWATCH.png?v=1755194829&width=1346,public/images/323-Vintage.png,Green,Cream
DND,322,Playground,https://www.dndgel.com/products/playground-322?_pos=1&_psq=Playground&_ss=e&_v=1.0,https://www.dndgel.com/cdn/shop/products/Playground-RS-322.jpg?v=1755194828&width=1346,public/images/322-Playground.jpg,"Blue, Green",Cream
DND,321,Goodie Bag,https://www.dndgel.com/products/goodie-bag-321?_pos=1&_psq=Goodie+Bag&_ss=e&_v=1.0,https://www.dndgel.com/cdn/shop/files/321-s.jpg?v=1755194826&width=1346,public/images/321-Goodie_Bag.jpg,Blue,Cream
DND,326,Nightrider,https://www.dndgel.com/products/nightrider-326?_pos=1&_psq=Nightri&_ss=e&_v=1.0,https://www.dndgel.com/cdn/shop/files/DC-326-SWATCH_f6e9fc49-4da5-4348-a1f8-5ca5f1a5f683.png?v=1764958576&width=1346,public/images/326-Nightrider.png,Green,Cream
DND,998,Treehouse Venom,https://www.dndgel.com/products/treehouse-venom-998?_pos=1&_psq=Treehouse+Venom&_ss=e&_v=1.0,https://www.dndgel.com/cdn/shop/products/DND998-1.jpg?v=1755193339&width=1346,public/images/998-Treehouse_Venom.jpg,Green,Cream
DND,730,Mixed Berries,https://www.dndgel.com/products/mixed-berries-730?_pos=1&_psq=Mixed+Berries&_ss=e&_v=1.0,https://www.dndgel.com/cdn/shop/files/DND-730-SWATCH.png?v=1755194476&width=1346,public/images/730-Mixed_Berries.png,"Purple, Blue",Cream
DND,325,Icon,https://www.dndgel.com/products/icon-325?_pos=1&_psq=Icon&_ss=e&_v=1.0,https://www.dndgel.com/cdn/shop/files/DC-325-SWATCH.jpg?v=1755194832&width=1346,public/images/325-Icon.jpg,Green,Cream
DND,879,Sunset Suede,https://www.dndgel.com/products/sunset-suede-879?_pos=1&_psq=Sunset+Suede&_ss=e&_v=1.0,https://www.dndgel.com/cdn/shop/files/DND864_sunset_suede.jpg?v=1768324720&width=1346,public/images/879-Sunset_Suede.jpg,Neutral,Sheer
DND,324,Safari,https://www.dndgel.com/products/safari-324?_pos=1&_psq=Safari&_ss=e&_v=1.0,https://www.dndgel.com/cdn/shop/files/safari_324_1ee07a61-07b8-4d86-a08f-3e60dc4a608d.jpg?v=1755194831&width=1346,public/images/324-Safari.jpg,Green,Cream
DND,857,Sheer Nude,https://www.dndgel.com/products/sheer-nude-857?_pos=1&_psq=Sheer+Nude&_ss=e&_v=1.0,https://www.dndgel.com/cdn/shop/products/857_946d228d-7738-4cd1-8842-1f79d274b763.png?v=1767122074&width=1346,public/images/857-Sheer_Nude.png,Neutral,Sheer
DND,2443,Sheer Sugar,https://www.dndgel.com/products/sheer-sugar-2443?_pos=1&_psq=Sheer+Sugar&_ss=e&_v=1.0,https://www.dndgel.com/cdn/shop/files/DC-2443-SWATCH.png?v=1766621714&width=1346,public/images/2443-Sheer_Sugar.png,Neutral,Sheer
DND,293,Tres Leches,https://www.dndgel.com/products/tres-leches-293?_pos=1&_psq=Tres+Leches&_ss=e&_v=1.0,https://www.dndgel.com/cdn/shop/files/DC-293-SWATCH_1.png?v=1755194789&width=1346,public/images/293-Tres_Leches.png,Neutral,Cream
DND,298,Genuine Pink,https://www.dndgel.com/products/genuine-pink-298?_pos=1&_psq=Genuine+Pink&_ss=e&_v=1.0,https://www.dndgel.com/cdn/shop/files/DC-298-SWATCH.webp?v=1764964828&width=1346,public/images/298-Genuine_Pink.webp,Pink,Cream
DND,150,Beige Pink,https://www.dndgel.com/products/beige-pink-150?_pos=1&_psq=Beige+Pink&_ss=e&_v=1.0,https://www.dndgel.com/cdn/shop/products/beige-pink-dnd-gel-dc-150_2fc7a83c-27ed-4d2d-8e98-f9ac894d9f88.jpg?v=1755194596&width=1346,public/images/150-Beige_Pink.jpg,Pink,Sheer
DND,296,Little Pink Me Up,https://www.dndgel.com/products/little-pink-me-up-296?_pos=1&_psq=Little+Pink+Me+Up&_ss=e&_v=1.0,https://www.dndgel.com/cdn/shop/files/DC-296-SWATCH.png?v=1755194793&width=1346,public/images/296-Little_Pink_Me_Up.png,Pink,Cream
DND,297,Pink Bliss,https://www.dndgel.com/products/pink-bliss-297?_pos=1&_psq=Pink+Bliss&_ss=e&_v=1.0,https://www.dndgel.com/cdn/shop/files/DC-297-SWATCH.webp?v=1764964798&width=1346,public/images/297-Pink_Bliss.webp,"Pink, Neutral",Cream
DND,431,Raspberry,https://www.dndgel.com/products/raspberry-431?_pos=1&_psq=Raspberry&_ss=e&_v=1.0,https://www.dndgel.com/cdn/shop/products/431-ras_dbe89f7a-a1c9-4a42-9c50-72fc5eccab1f.jpg?v=1759443552&width=1346,public/images/431-Raspberry.jpg,"Red, Pink",Cream
DND,302,Blush Village,https://www.dndgel.com/products/blush-village-302?_pos=1&_psq=Blush+Village&_ss=e&_v=1.0,https://www.dndgel.com/cdn/shop/files/DC-302-SWATCH.webp?v=1764964853&width=1346,public/images/302-Blush_Village.webp,Pink,Cream
DND,301,Half Moon,https://www.dndgel.com/products/half-moon-301?_pos=1&_psq=Half+Moon&_ss=e&_v=1.0,https://www.dndgel.com/cdn/shop/products/301-Half-Moon.jpg?v=1755194798&width=1346,public/images/301-Half_Moon.jpg,Neutral,Cream
DND,305,Bon Appetit,https://www.dndgel.com/products/bon-appetit-305?_pos=1&_psq=Bon+Appetit&_ss=e&_v=1.0,https://www.dndgel.com/cdn/shop/files/DC-305-SWATCH.png?v=1755194803&width=1346,public/images/305-Bon_Appetit.png,"Neutral, Orange",Cream
DND,304,Ice Cream Sundae,https://www.dndgel.com/products/ice-cream-sundae-304?_pos=1&_psq=Ice+Cream+Sundae&_ss=e&_v=1.0,https://www.dndgel.com/cdn/shop/files/DC-304-SWATCH.jpg?v=1755194802&width=1346,public/images/304-Ice_Cream_Sundae.jpg,"Pink, Orange",Cream
DND,303,Essential,https://www.dndgel.com/products/essential-303?_pos=1&_psq=Essential&_ss=e&_v=1.0,https://www.dndgel.com/cdn/shop/products/Essential-DC-303-copy.jpg?v=1755194801&width=1346,public/images/303-Essential.jpg,Neutral,Cream
DND,308,Nostalgia,https://www.dndgel.com/products/nostalgia-308?_pos=1&_psq=Nostalgia&_ss=e&_v=1.0,https://www.dndgel.com/cdn/shop/products/DC308dot.jpg?v=1762198269&width=1346,public/images/308-Nostalgia.jpg,"Brown, Neutral",Cream
DND,307,Cinnamon Craze,https://www.dndgel.com/products/cinnamon-craze-307?_pos=4&_sid=18e76da02&_ss=r,https://www.dndgel.com/cdn/shop/products/cinnamon-craze-dc-307.jpg?v=1755194806&width=1346,public/images/307-Cinnamon_Craze.jpg,"Brown, Neutral",Cream
DND,306,BitterSweet,https://www.dndgel.com/products/bittersweet-306?_pos=1&_psq=BitterSweet&_ss=e&_v=1.0,https://www.dndgel.com/cdn/shop/products/dnd-bittersweet-dc-306.jpg?v=1755194805&width=1346,public/images/306-BitterSweet.jpg,"Neutral, Orange",Cream
DND,311,Natural,https://www.dndgel.com/products/natural-311?_pos=1&_psq=Natural&_ss=e&_v=1.0,https://www.dndgel.com/cdn/shop/files/DC-311-SWATCH.webp?v=1764964882&width=1346,public/images/311-Natural.webp,"Neutral, Brown",Cream
DND,310,Confetti,https://www.dndgel.com/products/confetti-310?_pos=1&_psq=Confetti&_ss=e&_v=1.0,https://www.dndgel.com/cdn/shop/products/confetti-dnd-gel-dc-310.jpg?v=1755194810&width=1346,public/images/310-Confetti.jpg,"Brown, Neutral",Cream
DND,309,Kamikaze,https://www.dndgel.com/products/kamikaze-309?_pos=1&_psq=Kamikaze&_ss=e&_v=1.0,https://www.dndgel.com/cdn/shop/products/kamikaze-dnd-gel-dc-309.jpg?v=1755194809&width=1346,public/images/309-Kamikaze.jpg,"Pink, Orange",Cream
DND,314,Dusk Till Dawn,https://www.dndgel.com/products/dusk-till-dawn-314?_pos=1&_psq=Dusk+Till+Dawn&_ss=e&_v=1.0,https://www.dndgel.com/cdn/shop/products/DC314dot.jpg?v=1762198265&width=1346,public/images/314-Dusk_Till_Dawn.jpg,"Grey, Brown",Cream
DND,147,Pink Powder,https://www.dndgel.com/products/pink-powder-147?_pos=1&_psq=Pink+Powder&_ss=e&_v=1.0,https://www.dndgel.com/cdn/shop/products/pinj-powder-147.jpg?v=1755194593&width=1346,public/images/147-Pink_Powder.jpg,Pink,Sheer
DND,149,Silky Peach,https://www.dndgel.com/products/silky-peach-149?_pos=1&_psq=Silky+Peach&_ss=e&_v=1.0,https://www.dndgel.com/cdn/shop/products/149-2.jpg?v=1755194595&width=1346,public/images/149-Silky_Peach.jpg,"Neutral, Pink",Sheer
DND,38,Mahogany,https://www.dndgel.com/products/mahogany-038?_pos=1&_psq=Mahogany&_ss=e&_v=1.0,https://www.dndgel.com/cdn/shop/products/dc_swatch_038.jpg?v=1762198940&width=1346,public/images/38-Mahogany.jpg,"Red, Pink",Cream
DND,65,Thai Chili,https://www.dndgel.com/products/thai-chilli-red-065?_pos=1&_psq=Thai+Chili&_ss=e&_v=1.0,https://www.dndgel.com/cdn/shop/files/dnd_thai_chili_red_065.jpg?v=1755193599&width=1346,public/images/65-Thai_Chili.jpg,Red,Cream
DND,64,Valentine Red,https://www.dndgel.com/products/valentine-red-064?_pos=1&_psq=Valentine+Red&_ss=e&_v=1.0,https://www.dndgel.com/cdn/shop/products/dc_swatch_064.jpg?v=1762198923&width=1346,public/images/64-Valentine_Red.jpg,Red,Cream
DND,59,Sheer Pink,https://www.dndgel.com/products/sheer-pink-059?_pos=1&_psq=Sheer+Pink&_ss=e&_v=1.0,https://www.dndgel.com/cdn/shop/files/DC-059-SWATCH.webp?v=1773947628&width=1346,public/images/59-Sheer_Pink.webp,Pink,Sheer
DND,99,Bayberry,https://www.dndgel.com/products/bayberry-099?_pos=1&_psq=Bayberry&_ss=e&_v=1.0,https://www.dndgel.com/cdn/shop/files/DC-099-DOT.png?v=1762198900&width=1346,public/images/99-Bayberry.png,"Blue, Grey",Cream
DND,170,Plum Frost,https://www.dndgel.com/products/plum-frost-170?_pos=1&_psq=Plum+Frost&_ss=e&_v=1.0,https://www.dndgel.com/cdn/shop/files/DC-170-SWATCH.jpg?v=1755194614&width=1346,public/images/170-Plum_Frost.jpg,Neutral,Sheer
DND,73,Dusty Coral,https://www.dndgel.com/products/dusty-coral-073?_pos=1&_psq=Dusty+Coral&_ss=e&_v=1.0,https://www.dndgel.com/cdn/shop/files/DC-073-SWATCH.png?v=1755193608&width=1346,public/images/73-Dusty_Coral.png,"Purple, Brown",Cream
DND,155,Chateau Rose,https://www.dndgel.com/products/chateau-rose-155?_pos=1&_psq=Chateau+Rose&_ss=e&_v=1.0,https://www.dndgel.com/cdn/shop/products/155.jpg?v=1762198413&width=1346,public/images/155-Chateau_Rose.jpg,Pink,Sheer
DND,146,Icy Pink,https://www.dndgel.com/products/icy-pink-146?_pos=1&_psq=Icy+Pink&_ss=e&_v=1.0,https://www.dndgel.com/cdn/shop/products/icy-pink-dnd-gel-polish-pink-nails_78231820-4a59-4562-b0e2-5c6768b9d445.jpg?v=1755194592&width=1346,public/images/146-Icy_Pink.jpg,Pink,Sheer
DND,167,Utah Vale,https://www.dndgel.com/products/utah-vale-167?_pos=1&_psq=Utah+Vale&_ss=e&_v=1.0,https://www.dndgel.com/cdn/shop/products/Utah-Vale-DC-167.jpg?v=1755194611&width=1346,public/images/167-Utah_Vale.jpg,"Neutral, Pink",Sheer
DND,161,White Fur,https://www.dndgel.com/products/white-fur-161?_pos=1&_psq=White+Fur&_ss=e&_v=1.0,https://www.dndgel.com/cdn/shop/products/white-fur-dnd-gel-161-white-milky-sheer-nail-polisj_55aa31d2-dbca-419e-abcb-e98604dee073.jpg?v=1756513784&width=1346,public/images/161-White_Fur.jpg,White,Cream
DND,168,Andorra,https://www.dndgel.com/products/andorra-168?_pos=1&_psq=Andorra&_ss=e&_v=1.0,https://www.dndgel.com/cdn/shop/products/andorra-168-scaled.jpg?v=1755194612&width=1346,public/images/168-Andorra.jpg,Neutral,Sheer
DND,291,Marshmallow Cloud,https://www.dndgel.com/products/marshmallow-cloud-291?_pos=1&_psq=Marshmallow+Cloud&_ss=e&_v=1.0,https://www.dndgel.com/cdn/shop/files/DC-291-SWATCH.png?v=1755194787&width=1346,public/images/291-Marshmallow_Cloud.png,"Neutral, White",Cream
DND,292,Hopscotch,https://www.dndgel.com/products/hopscotch-292?_pos=1&_psq=Hopscotch&_ss=e&_v=1.0,https://www.dndgel.com/cdn/shop/files/DC-292-SWATCH.png?v=1755194788&width=1346,public/images/292-Hopscotch.png,"Yellow, Neutral, Orange",Cream
DND,290,U Shine I Shine,https://www.dndgel.com/products/u-shine-i-shine-290?_pos=1&_psq=U+Shine+I+Shine&_ss=e&_v=1.0,https://www.dndgel.com/cdn/shop/products/RS-u-shine-i-shine-dc-290.jpg?v=1755194836&width=1346,public/images/290-U_Shine_I_Shine.jpg,Yellow,Cream
DND,295,Milky Way,https://www.dndgel.com/products/milky-way-295?_pos=1&_psq=Milky+Way&_ss=e&_v=1.0,https://www.dndgel.com/cdn/shop/products/DC295dot.jpg?v=1762198277&width=1346,public/images/295-Milky_Way.jpg,Pink,Cream
DND,294,Sand Dance,https://www.dndgel.com/products/sand-dance-294?_pos=1&_psq=Sand+Dance&_ss=e&_v=1.0,https://www.dndgel.com/cdn/shop/products/sand-dance-dnd-gel-dc-294.jpg?v=1755194790&width=1346,public/images/294-Sand_Dance.jpg,Neutral,Cream
